CUSTOMER_ID,EMAIL,FIRST_NAME,LAST_NAME,GENDER,BIRTHDAY,CREDITS
1,ychainey0@answers.com,Yettie,Chainey,F,05/01/2019,55
2,bpipe1@usa.gov,Brook,Pipe,F,03/20/2021,70
3,anoquet2@google.de,Aubine,Noquet,F,07/18/2020,78
4,ahemshall3@merriam-webster.com,Alex,Hemshall,M,10/27/2020,25
5,ljaskowicz4@scientificamerican.com,Lusa,Jaskowicz,F,05/11/2019,58
6,econti5@home.pl,Elisabeth,Conti,F,10/23/2019,54
7,vtommasuzzi6@independent.co.uk,Val,Tommasuzzi,M,03/06/2020,9
8,mstuddard7@upenn.edu,Modesty,Studdard,F,08/03/2019,89
9,rbowdon8@china.com.cn,Roth,Bowdon,M,07/15/2020,59
10,kjahn9@mapy.cz,Kally,Jahn,F,09/15/2020,43
11,kgallanda@networkadvertising.org,Kathy,Galland,F,06/13/2019,16
12,wsaxbyb@newsvine.com,Winne,Saxby,F,09/12/2019,81
13,tcurnessc@sina.com.cn,Tabby,Curness,M,04/08/2020,52
14,randrzejakd@accuweather.com,Rayshell,Andrzejak,F,10/08/2020,50
15,ccurchere@jalbum.net,Cullin,Curcher,M,04/22/2019,14
16,alatteyf@drupal.org,Adara,Lattey,F,10/21/2020,96
17,lkeohaneg@pinterest.com,Liva,Keohane,F,05/14/2019,9
18,dmccarrisonh@cbc.ca,Derwin,McCarrison,M,05/25/2020,13
19,mdallemorei@census.gov,Micki,Dallemore,F,10/18/2020,63
20,estaffj@altervista.org,Elston,Staff,M,03/06/2021,61
21,grolingsonk@usatoday.com,Gard,Rolingson,M,06/25/2020,6
22,jifel@discovery.com,Joshuah,Ife,M,04/12/2021,51
23,hbrakespearm@dagondesign.com,Haze,Brakespear,M,06/27/2020,17
24,fprucen@nymag.com,Frans,Pruce,M,08/12/2019,47
25,iphilippsono@sourceforge.net,Inger,Philippson,F,04/09/2021,84
26,mjenicekp@boston.com,Mel,Jenicek,M,02/10/2021,7
27,dthaxterq@list-manage.com,Delphinia,Thaxter,F,06/19/2020,94
28,bcashfordr@sohu.com,Bob,Cashford,M,04/26/2021,96
29,mjerzykiewiczs@businessinsider.com,Marietta,Jerzykiewicz,F,01/20/2021,30
30,franyardt@goo.gl,Fax,Ranyard,M,07/31/2020,54
31,mpawelsu@huffingtonpost.com,Melisent,Pawels,F,01/03/2020,67
32,breignouldv@si.edu,Beverlee,Reignould,F,12/30/2020,47
33,sabbeyw@weibo.com,Storm,Abbey,F,12/25/2020,50
34,ldunkerlyx@spotify.com,Launce,Dunkerly,M,12/10/2019,52
35,abeckeyy@gmpg.org,Alphonso,Beckey,M,07/01/2019,68
36,fcaudellz@omniture.com,Frances,Caudell,F,07/11/2019,69
37,sjiroutek10@github.io,Skyler,Jiroutek,M,10/21/2020,49
38,kgodfray11@lycos.com,Koenraad,Godfray,M,10/16/2019,37
39,hprime12@nbcnews.com,Herschel,Prime,M,04/02/2019,68
40,eshelly13@addthis.com,Erminia,Shelly,F,11/04/2019,28
41,wguiton14@example.com,Wallace,Guiton,M,05/16/2019,20
42,tsponer15@blogger.com,Thornton,Sponer,M,11/12/2019,16
43,ufridd16@free.fr,Ulrick,Fridd,M,05/28/2020,7
44,lamdohr17@toplist.cz,Leland,Amdohr,F,07/26/2019,18
45,amelsom18@hostgator.com,Ainslie,Melsom,F,05/21/2020,72
46,tfardy19@php.net,Tedie,Fardy,M,04/22/2020,62
47,cwearden1a@unc.edu,Chrisy,Wearden,M,08/24/2020,9
48,abrauns1b@wikipedia.org,Alanna,Brauns,F,10/04/2019,30
49,jemnoney1c@delicious.com,Janene,Emnoney,F,02/05/2021,78
50,bsaiens1d@prnewswire.com,Bar,Saiens,M,10/16/2019,67
51,lshellcross1e@cornell.edu,Ludvig,Shellcross,M,03/26/2020,79
52,narnson1f@salon.com,Noby,Arnson,M,06/20/2020,5
53,tleeder1g@arizona.edu,Taryn,Leeder,F,04/27/2019,91
54,elindsell1h@csmonitor.com,Eyde,Lindsell,F,02/08/2020,73
55,wpetheridge1i@omniture.com,Wilmer,Petheridge,M,04/13/2021,71
56,troma1j@123-reg.co.uk,Trudie,Roma,F,09/11/2019,99
57,ktrudgion1k@blogspot.com,Karolina,Trudgion,F,03/04/2020,92
58,gkilcoyne1l@gov.uk,Grant,Kilcoyne,M,10/31/2020,34
59,hself1m@europa.eu,Huntley,Self,M,05/12/2020,22
60,bkemmett1n@craigslist.org,Breena,Kemmett,F,02/18/2021,65
61,tgudgen1o@yolasite.com,Thorstein,Gudgen,M,08/15/2019,40
62,bmizzen1p@nba.com,Brenna,Mizzen,F,10/10/2020,96
63,klineker1q@tumblr.com,Karisa,Lineker,F,11/01/2019,69
64,ifarnill1r@google.com.au,Ignazio,Farnill,M,12/14/2020,22
65,calliot1s@altervista.org,Carlo,Alliot,M,08/18/2020,49
66,dgonzales1t@networksolutions.com,Datha,Gonzales,F,07/28/2019,98
67,fbrimner1u@microsoft.com,Fredia,Brimner,F,04/13/2019,18
68,jdowty1v@who.int,Judye,Dowty,F,07/25/2020,21
69,ekosiada1w@tripadvisor.com,Eachelle,Kosiada,F,01/02/2021,11
70,czannetti1x@epa.gov,Crichton,Zannetti,M,05/21/2019,75
71,gmalitrott1y@paginegialle.it,Grethel,Malitrott,F,06/13/2020,100
72,dpeffer1z@list-manage.com,Dinah,Peffer,F,12/13/2019,90
73,cbridgman20@yale.edu,Charmian,Bridgman,F,11/27/2020,54
74,jfotherby21@printfriendly.com,Janice,Fotherby,F,04/07/2020,65
75,ebrandi22@cyberchimps.com,Erasmus,Brandi,M,12/06/2020,10
76,bmcquorkell23@angelfire.com,Bree,McQuorkell,F,07/24/2019,47
77,wleavy24@rakuten.co.jp,Winfield,Leavy,M,11/17/2020,97
78,jmulqueeny25@gizmodo.com,Jeffrey,Mulqueeny,M,11/26/2020,89
79,tlonghorne26@redcross.org,Torrin,Longhorne,M,06/17/2020,25
80,fgunthorpe27@360.cn,Freida,Gunthorpe,F,02/03/2021,62
81,abrandom28@gizmodo.com,Andrew,Brandom,M,05/31/2019,27
82,lcundey29@whitehouse.gov,Lamar,Cundey,M,06/29/2019,54
83,kgeldert2a@weebly.com,Konrad,Geldert,M,06/10/2019,1
84,fjudgkins2b@rambler.ru,Forbes,Judgkins,M,12/05/2020,98
85,acharlick2c@wsj.com,Adolph,Charlick,M,08/07/2020,31
86,bdulany2d@nba.com,Booth,Dulany,M,08/18/2020,90
87,amartensen2e@yellowpages.com,Andras,Martensen,M,10/05/2019,37
88,mfinlator2f@hud.gov,Miner,Finlator,M,08/17/2020,38
89,flesarr2g@sohu.com,Francis,Le Sarr,M,05/30/2019,25
90,bconkie2h@amazon.de,Bobbie,Conkie,M,11/14/2020,62
91,cmammatt2i@dmoz.org,Cristal,Mammatt,F,09/26/2020,90
92,abeldan2j@edublogs.org,Andie,Beldan,M,02/17/2020,15
93,etrevarthen2k@com.com,Etan,Trevarthen,M,03/10/2020,33
94,lfarmar2l@domainmarket.com,Lenette,Farmar,F,11/26/2019,56
95,kmazey2m@studiopress.com,Kellina,Mazey,F,09/05/2019,68
96,bbradburne2n@pcworld.com,Brynna,Bradburne,F,10/16/2019,51
97,sflowers2o@craigslist.org,Sherman,Flowers,M,04/25/2019,55
98,nbindon2p@ucla.edu,Nanny,Bindon,F,08/22/2019,7
99,kdebanke2q@spiegel.de,Keir,de Banke,M,03/03/2020,66
100,materidge2r@amazon.com,Meir,Ateridge,M,05/02/2021,71
101,rleggett2s@zimbio.com,Renaud,Leggett,M,02/15/2020,55
102,mlinwood2t@oracle.com,Myrilla,Linwood,F,02/09/2021,43
103,cconyers2u@about.com,Cynde,Conyers,F,04/14/2021,34
104,hharburtson2v@last.fm,Hedi,Harburtson,F,04/01/2019,19
105,layliffe2w@icio.us,Lotty,Ayliffe,F,11/05/2020,50
106,pstronack2x@geocities.com,Pippy,Stronack,F,02/22/2020,42
107,rprantoni2y@usda.gov,Rog,Prantoni,M,02/24/2021,32
108,akinleyside2z@utexas.edu,Armstrong,Kinleyside,M,02/06/2021,6
109,bburt30@desdev.cn,Baldwin,Burt,M,05/15/2019,37
110,skirman31@icq.com,Sigrid,Kirman,F,07/02/2020,61
111,wtarburn32@stanford.edu,Welch,Tarburn,M,10/19/2019,26
112,acharlson33@cargocollective.com,Archibald,Charlson,M,12/28/2020,65
113,pzelland34@newsvine.com,Pat,Zelland,M,05/29/2019,94
114,hmetzel35@harvard.edu,Herold,Metzel,M,12/22/2020,95
115,rdigiorgio36@dedecms.com,Rubina,Di Giorgio,F,04/23/2019,72
116,gmorrowe37@hugedomains.com,Guillema,Morrowe,F,10/05/2019,83
117,mgrissett38@wp.com,Modestia,Grissett,F,05/18/2019,60
118,sashby39@edublogs.org,Simone,Ashby,M,05/03/2020,45
119,gbartlomiejczyk3a@vk.com,Genni,Bartlomiejczyk,F,03/01/2021,67
120,yfike3b@usnews.com,Yank,Fike,M,06/21/2019,25
121,ablodget3c@disqus.com,Audy,Blodget,F,08/19/2020,43
122,dorrock3d@berkeley.edu,Darcy,Orrock,F,04/17/2020,21
123,bstocky3e@wordpress.com,Berton,Stocky,M,03/13/2021,42
124,ychrismas3f@studiopress.com,Yehudi,Chrismas,M,03/07/2021,24
125,lvawton3g@over-blog.com,Lyle,Vawton,M,04/27/2021,53
126,whoudmont3h@thetimes.co.uk,Winnie,Houdmont,F,01/03/2020,62
127,abarwack3i@bing.com,Aylmar,Barwack,M,05/24/2020,66
128,ejackman3j@businessinsider.com,Edita,Jackman,F,12/15/2020,84
129,wfibbens3k@fotki.com,Willabella,Fibbens,F,01/24/2021,48
130,anowill3l@is.gd,Antone,Nowill,M,02/18/2021,83
131,apruckner3m@cloudflare.com,Annemarie,Pruckner,F,09/30/2020,43
132,ccabral3n@zdnet.com,Clarinda,Cabral,F,10/05/2020,84
133,odurbin3o@ucoz.ru,Oona,Durbin,F,08/21/2019,24
134,ralaway3p@delicious.com,Reidar,Alaway,M,10/12/2020,66
135,jsprigings3q@devhub.com,Jenna,Sprigings,F,05/09/2020,100
136,meddie3r@sourceforge.net,Meggy,Eddie,F,03/23/2021,23
137,dgenders3s@ed.gov,Devora,Genders,F,07/02/2020,96
138,jtimcke3t@archive.org,Justine,Timcke,F,09/21/2020,81
139,avallens3u@tuttocitta.it,Alano,Vallens,M,04/04/2021,69
140,ggoodspeed3v@fema.gov,Grant,Goodspeed,M,12/27/2019,75
141,kthewless3w@g.co,Kahlil,Thewless,M,05/30/2020,31
142,oborit3x@sourceforge.net,Osborn,Borit,M,09/23/2019,50
143,emacshirrie3y@mail.ru,Edythe,MacShirrie,F,10/14/2020,35
144,pdurston3z@dyndns.org,Penrod,Durston,M,10/06/2020,61
145,hhowles40@usgs.gov,Hamel,Howles,M,04/04/2021,37
146,bmccarney41@usda.gov,Babbette,McCarney,F,10/22/2020,38
147,tdominelli42@about.com,Tabatha,Dominelli,F,10/01/2019,93
148,wceci43@ftc.gov,Washington,Ceci,M,10/16/2020,62
149,aboom44@e-recht24.de,Alice,Boom,F,06/15/2019,69
150,hsemken45@alibaba.com,Haley,Semken,M,06/22/2020,5
151,ggallamore46@zimbio.com,Griswold,Gallamore,M,11/13/2020,88
152,mmcardell47@sohu.com,Marlin,McArdell,M,10/12/2019,85
153,ccrosetti48@hexun.com,Chery,Crosetti,F,03/28/2021,57
154,tbartoloma49@businessinsider.com,Thorndike,Bartoloma,M,01/01/2021,64
155,zlarter4a@boston.com,Zsazsa,Larter,F,04/14/2019,54
156,jdowning4b@nps.gov,Jeremias,Downing,M,03/23/2020,14
157,dfist4c@wired.com,Delmar,Fist,M,06/17/2020,51
158,gmiddlebrook4d@bloglines.com,Gabbie,Middlebrook,F,01/06/2020,30
159,kslyde4e@census.gov,Kore,Slyde,F,01/06/2020,74
160,fliccardi4f@webnode.com,Frans,Liccardi,M,10/24/2020,64
161,hcarslake4g@delicious.com,Hana,Carslake,F,04/26/2021,21
162,ahazeley4h@techcrunch.com,Aarika,Hazeley,F,12/10/2020,98
163,ksemerad4i@bbb.org,Katharyn,Semerad,F,05/02/2020,35
164,ewilleman4j@guardian.co.uk,Electra,Willeman,F,11/21/2020,94
165,ckulis4k@phpbb.com,Ceciley,Kulis,F,08/16/2020,51
166,bjouhan4l@linkedin.com,Brit,Jouhan,M,07/20/2020,89
167,yhanny4m@wikia.com,Yalonda,Hanny,F,05/07/2019,40
168,amercer4n@macromedia.com,Ailene,Mercer,F,08/19/2020,31
169,ckitchingman4o@psu.edu,Chester,Kitchingman,M,01/04/2020,85
170,eruckhard4p@networkadvertising.org,Elianora,Ruckhard,F,07/04/2020,83
171,lgeraghty4q@pcworld.com,Lotty,Geraghty,F,02/04/2020,36
172,lsedcole4r@multiply.com,Lonna,Sedcole,F,06/26/2019,56
173,rgudgen4s@walmart.com,Robena,Gudgen,F,07/20/2019,58
174,ghanscome4t@nytimes.com,Gualterio,Hanscome,M,12/21/2020,93
175,mearly4u@auda.org.au,Mignonne,Early,F,04/03/2020,45
176,emackney4v@163.com,Egon,Mackney,M,02/19/2021,56
177,roleksinski4w@java.com,Rufus,Oleksinski,M,09/18/2019,74
178,vmarien4x@woothemes.com,Verla,Marien,F,10/06/2019,84
179,fweld4y@cbslocal.com,Francois,Weld,M,01/22/2020,37
180,cparlott4z@chron.com,Charlie,Parlott,M,08/22/2020,38
181,trodgerson50@goo.ne.jp,Thurstan,Rodgerson,M,05/28/2020,8
182,lpredohl51@google.com.hk,Loria,Predohl,F,06/14/2019,93
183,cmassot52@constantcontact.com,Cirstoforo,Massot,M,11/08/2020,95
184,tpimlett53@so-net.ne.jp,Tanney,Pimlett,M,05/05/2020,88
185,mclack54@nydailynews.com,Meredith,Clack,F,11/05/2019,34
186,gelie55@fda.gov,Gerik,Elie,M,11/02/2019,86
187,jshurmore56@hubpages.com,Jozef,Shurmore,M,11/23/2020,29
188,gpotes57@posterous.com,Giorgia,Potes,F,12/09/2020,75
189,mgrigolon58@youtube.com,Murray,Grigolon,M,09/13/2020,2
190,skidde59@cisco.com,Sayre,Kidde,F,11/09/2019,45
191,jpotbury5a@blogger.com,Jamill,Potbury,M,04/13/2019,13
192,amalenoir5b@hp.com,Aurea,Malenoir,F,04/10/2020,23
193,afebry5c@thetimes.co.uk,Amble,Febry,M,08/16/2020,76
194,bhellings5d@dyndns.org,Bradan,Hellings,M,03/28/2021,40
195,hdabnot5e@is.gd,Hilliard,Dabnot,M,08/11/2019,10
196,dcornejo5f@cargocollective.com,Desmund,Cornejo,M,11/13/2019,84
197,cambrozewicz5g@nymag.com,Cordy,Ambrozewicz,F,07/17/2019,92
198,kwilkowski5h@fema.gov,Karlik,Wilkowski,M,06/02/2020,100
199,omilner5i@gnu.org,Onfroi,Milner,M,03/24/2021,52
200,jscorrer5j@washington.edu,Jobyna,Scorrer,F,05/30/2019,100
201,hbingell5k@chronoengine.com,Hamlen,Bingell,M,06/20/2019,22
202,mdevorill5l@mapquest.com,Mandy,Devorill,F,04/16/2020,27
203,ftomaszkiewicz5m@google.pl,Farica,Tomaszkiewicz,F,02/23/2021,29
204,gjochanany5n@jugem.jp,Gerti,Jochanany,F,03/24/2020,83
205,aheditch5o@about.com,Abel,Heditch,M,04/30/2020,9
206,pbissell5p@homestead.com,Paulita,Bissell,F,10/01/2020,34
207,dscrogges5q@1688.com,Dalt,Scrogges,M,09/06/2019,14
208,emullinder5r@cpanel.net,Eberhard,Mullinder,M,09/29/2020,38
209,mwoolsey5s@istockphoto.com,Margareta,Woolsey,F,10/23/2020,59
210,svasile5t@accuweather.com,Seward,Vasile,M,11/11/2019,97
211,ddowyer5u@mac.com,Danya,Dowyer,M,02/13/2020,40
212,scampling5v@utexas.edu,Sadie,Campling,F,03/31/2021,56
213,tfowler5w@google.de,Tori,Fowler,F,09/12/2019,28
214,rkerrigan5x@weibo.com,Roosevelt,Kerrigan,M,05/11/2020,8
215,bkidsley5y@eventbrite.com,Ber,Kidsley,M,05/20/2020,55
216,legan5z@yahoo.co.jp,Lyn,Egan,F,09/09/2020,3
217,pcolicot60@wired.com,Poul,Colicot,M,11/22/2019,80
218,gduckworth61@indiatimes.com,Guenna,Duckworth,F,10/03/2020,22
219,apalfrie62@nsw.gov.au,Alameda,Palfrie,F,09/26/2019,2
220,cdidsbury63@printfriendly.com,Cornelius,Didsbury,M,11/18/2019,3
221,wslixby64@umn.edu,Wolf,Slixby,M,04/26/2020,95
222,pcaser65@ustream.tv,Putnem,Caser,M,05/02/2019,55
223,hsargerson66@dot.gov,Hertha,Sargerson,F,08/03/2020,73
224,ageroldi67@virginia.edu,Alice,Geroldi,F,07/26/2020,45
225,ggunningham68@blogtalkradio.com,Gustavo,Gunningham,M,10/19/2020,9
226,jbeahan69@livejournal.com,Joseph,Beahan,M,02/23/2021,13
227,abartelet6a@free.fr,Adan,Bartelet,M,08/30/2019,55
228,yholehouse6b@opensource.org,Yehudit,Holehouse,M,01/22/2021,99
229,rlambot6c@loc.gov,Robena,Lambot,F,03/09/2020,51
230,vpedro6d@booking.com,Valida,Pedro,F,06/19/2019,44
231,abowland6e@naver.com,Andres,Bowland,M,06/26/2019,21
232,hbrewin6f@icio.us,Harmonia,Brewin,F,01/01/2020,11
233,timos6g@51.la,Ty,Imos,M,09/13/2019,79
234,lreiglar6h@geocities.com,Leigha,Reiglar,F,04/06/2019,4
235,sblodget6i@msn.com,Steffi,Blodget,F,10/03/2019,57
236,dpritty6j@thetimes.co.uk,Dania,Pritty,F,07/13/2020,59
237,drichardet6k@upenn.edu,Dareen,Richardet,F,08/04/2019,87
238,kflecknoe6l@merriam-webster.com,Kerianne,Flecknoe,F,10/04/2020,39
239,dgrichukhanov6m@engadget.com,Dehlia,Grichukhanov,F,09/16/2019,73
240,sfiske6n@bizjournals.com,Sashenka,Fiske,F,10/10/2020,56
241,msturr6o@nyu.edu,Morey,Sturr,M,12/13/2020,6
242,zpurrier6p@prweb.com,Zeke,Purrier,M,04/26/2020,72
243,eends6q@marriott.com,Erda,Ends,F,10/12/2019,40
244,amecozzi6r@ucla.edu,Annabela,Mecozzi,F,10/27/2019,5
245,spentercost6s@usa.gov,Scotti,Pentercost,M,05/12/2019,86
246,ghaversham6t@sciencedirect.com,Georg,Haversham,M,01/16/2021,47
247,kplewman6u@jugem.jp,Kirby,Plewman,M,12/15/2020,100
248,elightollers6v@flavors.me,Estrella,Lightollers,F,09/22/2019,21
249,vbudcock6w@timesonline.co.uk,Valentine,Budcock,F,12/29/2019,85
250,fbriant6x@foxnews.com,Fritz,Briant,M,02/27/2021,53
251,jmckall6y@blogtalkradio.com,Jimmy,McKall,M,03/30/2021,12
252,sturbern6z@twitpic.com,Sibby,Turbern,F,04/29/2020,53
253,dhailes70@flickr.com,Drusilla,Hailes,F,05/28/2020,16
254,relkin71@biglobe.ne.jp,Rogers,Elkin,M,02/21/2020,55
255,nhakes72@nhs.uk,Nissie,Hakes,F,02/02/2020,73
256,mrozec73@tuttocitta.it,Marissa,Rozec,F,03/08/2021,94
257,abloxam74@amazon.co.jp,Alexandrina,Bloxam,F,03/07/2021,95
258,cthody75@theguardian.com,Christophe,Thody,M,07/10/2020,28
259,rcootes76@myspace.com,Reinaldos,Cootes,M,03/08/2021,84
260,kcast77@netlog.com,Karilynn,Cast,F,10/17/2019,85
261,nhaulkham78@nbcnews.com,Nate,Haulkham,M,05/16/2020,55
262,tclampe79@huffingtonpost.com,Tallia,Clampe,F,06/08/2019,41
263,mfollacaro7a@google.nl,Milt,Follacaro,M,11/30/2019,92
264,msleep7b@ezinearticles.com,Mignonne,Sleep,F,11/12/2019,31
265,astallion7c@cnn.com,Abbott,Stallion,M,12/02/2020,83
266,nbainbridge7d@biblegateway.com,Nikola,Bainbridge,M,08/31/2019,32
267,bwhitehead7e@eepurl.com,Brook,Whitehead,M,11/26/2019,8
268,kmckie7f@kickstarter.com,Kristofer,McKie,M,10/09/2019,70
269,gcartwight7g@fastcompany.com,Gloriane,Cartwight,F,08/17/2019,69
270,bbraden7h@bravesites.com,Bell,Braden,F,12/11/2019,2
271,myakunkin7i@virginia.edu,Massimiliano,Yakunkin,M,09/13/2020,29
272,kdelves7j@auda.org.au,Kelvin,Delves,M,04/08/2020,8
273,zvandermerwe7k@pen.io,Zorina,Van der Merwe,F,08/20/2020,18
274,abicker7l@wired.com,Anthea,Bicker,F,10/05/2019,64
275,agrandham7m@psu.edu,Antony,Grandham,M,03/13/2020,84
276,pminto7n@hao123.com,Philis,Minto,F,07/06/2019,91
277,gbarta7o@hexun.com,Garold,Barta,M,09/05/2020,43
278,bjosebury7p@bbb.org,Bradley,Josebury,M,07/08/2020,60
279,esictornes7q@nih.gov,Elsy,Sictornes,F,03/25/2020,64
280,santonomoli7r@cbslocal.com,Shellie,Antonomoli,F,12/22/2020,70
281,jmineghelli7s@businessweek.com,Jacki,Mineghelli,F,07/14/2019,39
282,mdurgan7t@163.com,Monte,Durgan,M,05/02/2019,43
283,eprester7u@foxnews.com,Everard,Prester,M,06/29/2020,4
284,cabrahamson7v@infoseek.co.jp,Cori,Abrahamson,F,03/15/2020,27
285,tfessler7w@php.net,Tomasine,Fessler,F,03/23/2020,54
286,awestfalen7x@nba.com,Amby,Westfalen,M,03/13/2020,97
287,eeglise7y@elpais.com,Eb,Eglise,M,09/23/2020,99
288,mcurneen7z@webmd.com,Maryanna,Curneen,F,03/05/2021,29
289,tcuncliffe80@yandex.ru,Tamma,Cuncliffe,F,04/14/2021,6
290,sjosiah81@fc2.com,Selina,Josiah,F,07/28/2019,89
291,onovotni82@google.com.hk,Oswald,Novotni,M,03/05/2021,67
292,escimoni83@freewebs.com,Eyde,Scimoni,F,11/17/2020,46
293,lsandifer84@wordpress.com,Lacey,Sandifer,F,04/30/2020,58
294,cegiloff85@slideshare.net,Cecilio,Egiloff,M,10/25/2019,76
295,cgiacomello86@smh.com.au,Cris,Giacomello,M,05/30/2019,8
296,pstogill87@prlog.org,Pembroke,Stogill,M,06/08/2019,20
297,twheelwright88@marketwatch.com,Torre,Wheelwright,M,07/15/2020,52
298,rlehr89@nhs.uk,Robinet,Lehr,M,09/27/2020,38
299,hneve8a@facebook.com,Hamlin,Neve,M,08/02/2020,11
300,bnazareth8b@xrea.com,Bridget,Nazareth,F,02/02/2020,68
301,msutterfield8c@jimdo.com,Marita,Sutterfield,F,01/22/2021,53
302,spummery8d@seattletimes.com,Sheela,Pummery,F,02/16/2021,97
303,epaley8e@list-manage.com,Emmey,Paley,F,01/20/2020,33
304,cborthe8f@cocolog-nifty.com,Crystal,Borthe,F,04/03/2021,37
305,skuzemka8g@mysql.com,Sherie,Kuzemka,F,04/07/2021,99
306,cpirot8h@wunderground.com,Candida,Pirot,F,12/30/2019,33
307,lronisch8i@ifeng.com,Larina,Ronisch,F,04/01/2021,6
308,wohern8j@woothemes.com,Waldon,O' Hern,M,10/07/2019,93
309,kjoinson8k@desdev.cn,Kippar,Joinson,M,08/18/2020,53
310,msiehard8l@webs.com,Mallissa,Siehard,F,10/20/2020,73
311,ekunneke8m@elpais.com,Elwood,Kunneke,M,10/31/2020,61
312,btilford8n@dropbox.com,Basil,Tilford,M,01/26/2021,70
313,bcostelloe8o@google.nl,Blakelee,Costelloe,F,05/16/2020,54
314,emeffan8p@apple.com,Elfrieda,Meffan,F,12/06/2020,67
315,cflawn8q@dyndns.org,Carlie,Flawn,F,10/07/2019,5
316,stweedle8r@mapquest.com,Sosanna,Tweedle,F,08/26/2020,41
317,talenin8s@wunderground.com,Thekla,Alenin,F,06/04/2019,93
318,fvost8t@e-recht24.de,Fawne,Vost,F,03/15/2020,70
319,eemmins8u@chicagotribune.com,Edi,Emmins,F,09/05/2020,17
320,kdarnbrook8v@scientificamerican.com,Kori,Darnbrook,F,02/27/2020,55
321,smcshea8w@cornell.edu,Stillmann,McShea,M,11/02/2019,6
322,wagastina8x@sakura.ne.jp,Wandis,Agastina,F,07/25/2020,12
323,tdavidowsky8y@house.gov,Torr,Davidowsky,M,06/15/2020,48
324,mquincey8z@goo.gl,Mannie,Quincey,M,04/07/2021,29
325,gsporrij90@dedecms.com,Godfry,Sporrij,M,06/23/2019,74
326,bsedwick91@arstechnica.com,Beverlie,Sedwick,F,10/25/2020,67
327,llilleyman92@noaa.gov,Leonie,Lilleyman,F,03/13/2021,39
328,froskilly93@spotify.com,Fritz,Roskilly,M,04/29/2020,54
329,rrustedge94@icio.us,Ruthi,Rustedge,F,12/28/2019,53
330,jachurch95@sphinn.com,Jacquelyn,Achurch,F,08/20/2020,59
331,akarim96@bravesites.com,Aline,Karim,F,05/03/2020,45
332,screigan97@etsy.com,Sanford,Creigan,M,07/13/2019,22
333,rlaycock98@pen.io,Rosemonde,Laycock,F,01/29/2020,75
334,amansour99@zimbio.com,Adria,Mansour,F,04/09/2019,80
335,cvarne9a@rakuten.co.jp,Caesar,Varne,M,05/24/2019,78
336,pwestfalen9b@ft.com,Pall,Westfalen,M,04/24/2021,77
337,akeech9c@hubpages.com,Adriena,Keech,F,05/19/2020,90
338,lvynall9d@redcross.org,Leeland,Vynall,M,09/12/2020,77
339,btackley9e@mapquest.com,Beatrisa,Tackley,F,04/28/2020,69
340,vhubbis9f@chronoengine.com,Vincenz,Hubbis,M,01/18/2021,57
341,rfancy9g@i2i.jp,Robbert,Fancy,M,03/27/2021,83
342,rbaraclough9h@slate.com,Rod,Baraclough,M,09/27/2019,57
343,vphilipps9i@rediff.com,Virgie,Philipps,M,10/04/2019,93
344,dbenet9j@globo.com,Dorree,Benet,F,02/10/2020,47
345,pkenward9k@liveinternet.ru,Pate,Kenward,M,05/03/2021,47
346,mmockes9l@omniture.com,Maddie,Mockes,M,07/28/2020,40
347,mpavkovic9m@amazon.co.jp,Merissa,Pavkovic,F,04/21/2019,99
348,sdoherty9n@mit.edu,Stacy,Doherty,M,10/23/2019,26
349,atideswell9o@amazon.co.uk,Albert,Tideswell,M,11/03/2019,98
350,jlosseljong9p@google.ru,Jacky,Losseljong,F,03/06/2020,90
351,jbruck9q@usatoday.com,Jackelyn,Bruck,F,12/15/2019,53
352,cjoslin9r@disqus.com,Claudius,Joslin,M,09/02/2019,75
353,fgarron9s@unc.edu,Fergus,Garron,M,11/24/2019,5
354,anorquay9t@wikipedia.org,Antonina,Norquay,F,04/01/2020,26
355,ashrubb9u@linkedin.com,Auguste,Shrubb,F,11/07/2019,50
356,wbromhead9v@cam.ac.uk,Wallis,Bromhead,M,09/03/2019,87
357,bsekulla9w@blogger.com,Brod,Sekulla,M,11/09/2020,69
358,nbodycomb9x@umn.edu,Napoleon,Bodycomb,M,10/22/2020,37
359,yspackman9y@cisco.com,Ynes,Spackman,F,02/25/2021,78
360,bemanson9z@soundcloud.com,Bastien,Emanson,M,09/11/2020,44
361,cianielloa0@storify.com,Claudia,Ianiello,F,11/14/2020,70
362,gbleesa1@hp.com,Guy,Blees,M,06/15/2019,66
363,jthewsa2@admin.ch,Jamaal,Thews,M,08/09/2019,10
364,nveversa3@freewebs.com,Nettle,Vevers,F,05/31/2020,59
365,cmuldrewa4@bandcamp.com,Conway,Muldrew,M,11/10/2019,52
366,hlettena5@xrea.com,Hilly,Letten,M,11/06/2019,88
367,pdounbarea6@dyndns.org,Patricio,Dounbare,M,03/19/2021,1
368,hchessa7@bing.com,Helaine,Chess,F,02/10/2020,11
369,aewencea8@mozilla.com,Angil,Ewence,F,10/30/2020,4
370,gderrella9@yahoo.co.jp,Granthem,Derrell,M,09/14/2020,7
371,bmccurryaa@amazon.co.uk,Bancroft,McCurry,M,01/06/2021,95
372,klauranceab@google.com.au,Koral,Laurance,F,06/10/2020,87
373,wthomsonac@engadget.com,Ware,Thomson,M,02/16/2020,8
374,aribeyad@dailymail.co.uk,Arie,Ribey,M,08/27/2019,20
375,sfidgettae@hao123.com,Sarah,Fidgett,F,08/28/2019,79
376,csomneraf@4shared.com,Cosimo,Somner,M,07/16/2019,34
377,sneilandsag@sohu.com,Sarette,Neilands,F,07/06/2019,13
378,tbentermanah@vinaora.com,Thurston,Benterman,M,12/31/2019,24
379,sbraddickai@phoca.cz,Shel,Braddick,F,02/15/2020,33
380,bshapteraj@army.mil,Benedetto,Shapter,M,07/02/2019,46
381,ssulmanak@jalbum.net,Saxon,Sulman,M,07/07/2019,31
382,nwhykeal@sakura.ne.jp,Niccolo,Whyke,M,01/16/2021,49
383,qfleyam@liveinternet.ru,Quincy,Fley,M,08/16/2019,96
384,emcgaugheyan@google.pl,Eugine,McGaughey,F,10/18/2020,96
385,llunnyao@sakura.ne.jp,Lynnette,Lunny,F,10/19/2020,27
386,dcovingtonap@paypal.com,Doralynn,Covington,F,02/18/2021,63
387,ffairhallaq@weather.com,Fabien,Fairhall,M,10/30/2019,43
388,barnholzar@rakuten.co.jp,Bryna,Arnholz,F,07/03/2019,80
389,asummerillas@mail.ru,Abey,Summerill,M,04/17/2021,57
390,hstarsmoreat@bloglovin.com,Hugues,Starsmore,M,01/25/2020,43
391,aoakenfallau@yolasite.com,Ardenia,Oakenfall,F,10/21/2020,53
392,elimprichtav@arstechnica.com,Em,Limpricht,M,05/26/2020,93
393,fcloughtonaw@opera.com,Flory,Cloughton,M,03/01/2021,69
394,gpaulssonax@fotki.com,Gavra,Paulsson,F,08/18/2020,27
395,clevingtonay@hostgator.com,Christopher,Levington,M,10/28/2019,17
396,jbercerosaz@1688.com,Jannel,Berceros,F,10/22/2020,6
397,tmcgeownb0@census.gov,Tremain,McGeown,M,10/05/2019,5
398,mklaasb1@gmpg.org,Morna,Klaas,F,02/02/2020,4
399,cenderleinb2@weather.com,Cherrita,Enderlein,F,08/25/2020,15
400,sstanderingb3@yellowbook.com,Sherlocke,Standering,M,07/21/2019,63
401,jtidridgeb4@parallels.com,Julianne,Tidridge,F,09/07/2020,20
402,idossantosb5@elegantthemes.com,Ivor,Dossantos,M,11/02/2019,92
403,ihumesb6@mayoclinic.com,Iseabal,Humes,F,06/30/2020,48
404,dbrettleb7@indiegogo.com,Dannye,Brettle,F,04/22/2019,82
405,bmcterrellyb8@ucoz.ru,Bibbye,McTerrelly,F,10/27/2020,11
406,imooringb9@addthis.com,Ira,Mooring,F,05/07/2019,92
407,jfarresba@thetimes.co.uk,Jewel,Farres,F,12/12/2020,40
408,pahrenbb@slashdot.org,Philbert,Ahren,M,10/25/2020,34
409,kdorsaybc@gravatar.com,Kirstin,D'Orsay,F,06/06/2020,51
410,lrennockbd@reuters.com,Laurene,Rennock,F,05/16/2020,22
411,lewlesbe@mozilla.org,Lyda,Ewles,F,08/01/2020,94
412,breascebf@imdb.com,Bordy,Reasce,M,03/14/2021,3
413,fdaniellotbg@about.com,Florie,Daniellot,F,11/23/2019,29
414,mmcluckiebh@yandex.ru,May,McLuckie,F,10/03/2020,58
415,vstattonbi@yellowbook.com,Vince,Statton,M,03/08/2020,7
416,kadrianibj@adobe.com,Kayle,Adriani,F,10/14/2020,26
417,vdowkerbk@icq.com,Vonni,Dowker,F,12/05/2020,29
418,ibartholomieubl@techcrunch.com,Ivory,Bartholomieu,F,12/27/2019,40
419,wjindrabm@parallels.com,Webb,Jindra,M,05/08/2019,58
420,dthoringtonbn@msu.edu,Daniella,Thorington,F,08/24/2019,27
421,rmacrobo@abc.net.au,Roslyn,Macro,F,03/05/2020,74
422,lbolerbp@bravesites.com,Lin,Boler,M,02/11/2021,37
423,jmougetbq@toplist.cz,Jennette,Mouget,F,01/06/2021,65
424,rmalybr@google.ru,Ruperto,Maly,M,07/18/2019,94
425,astruthersbs@home.pl,Amberly,Struthers,F,09/09/2020,33
426,cvasilebt@arizona.edu,Corinne,Vasile,F,04/29/2020,75
427,rkeaybu@usgs.gov,Rae,Keay,F,04/10/2019,43
428,cbriggebv@eventbrite.com,Cecilla,Brigge,F,06/15/2020,68
429,gunsworthbw@wikispaces.com,Gaston,Unsworth,M,01/10/2020,76
430,rgothliffbx@ocn.ne.jp,Ralph,Gothliff,M,12/30/2020,17
431,kmurriganby@independent.co.uk,Killy,Murrigan,M,11/02/2019,51
432,pmckinnonbz@google.nl,Patty,McKinnon,M,05/05/2020,12
433,ebriertonc0@sbwire.com,Euphemia,Brierton,F,01/28/2020,55
434,dtantec1@slate.com,Davita,Tante,F,08/25/2020,92
435,rlegrovec2@goo.gl,Rikki,Le Grove,M,06/29/2020,48
436,bparduec3@addthis.com,Bobbi,Pardue,F,12/25/2019,21
437,cheningamc4@skype.com,Cristine,Heningam,F,04/22/2020,51
438,pkaddc5@youku.com,Paton,Kadd,M,01/19/2021,22
439,bpetrilloc6@pen.io,Bone,Petrillo,M,07/30/2019,35
440,mbentec7@people.com.cn,Merry,Bente,F,12/10/2020,100
441,wshandc8@xinhuanet.com,Wilt,Shand,M,04/04/2021,95
442,nmickleboroughc9@moonfruit.com,Nerte,Mickleborough,F,02/02/2020,35
443,jkleinerca@prnewswire.com,Jillie,Kleiner,F,03/25/2021,93
444,wyanovcb@eventbrite.com,William,Yanov,M,01/20/2020,86
445,tkitchingmancc@ihg.com,Temple,Kitchingman,M,10/16/2019,53
446,cthaincd@ezinearticles.com,Catharine,Thain,F,12/27/2020,100
447,roggce@virginia.edu,Ruthi,Ogg,F,10/07/2019,73
448,dwhortoncf@goo.ne.jp,Diahann,Whorton,F,12/14/2020,93
449,mjervoisecg@merriam-webster.com,Mollie,Jervoise,F,05/27/2020,57
450,egerlingch@ox.ac.uk,Edmon,Gerling,M,12/03/2020,92
451,gnelliganci@biblegateway.com,Gun,Nelligan,M,08/24/2019,39
452,dmaliffecj@yahoo.co.jp,Dacie,Maliffe,F,01/15/2021,70
453,emillwardck@booking.com,Evin,Millward,M,09/10/2020,52
454,sduleycl@virginia.edu,Shepard,Duley,M,09/02/2019,1
455,cbuggscm@berkeley.edu,Colet,Buggs,M,11/29/2020,60
456,msaigercn@ucoz.ru,Marilee,Saiger,F,11/15/2020,71
457,wbercherco@arizona.edu,West,Bercher,M,09/13/2019,85
458,lrousselcp@sitemeter.com,Lacey,Roussel,F,07/18/2020,62
459,dodomcq@tuttocitta.it,Dodi,Odom,F,09/26/2019,73
460,sisgarcr@wufoo.com,Sutton,Isgar,M,10/17/2020,60
461,hellardcs@ucla.edu,Hilliary,Ellard,F,06/27/2020,66
462,mbadlandct@sogou.com,Mel,Badland,M,04/14/2021,93
463,feiverscu@chronoengine.com,Forest,Eivers,M,12/11/2020,70
464,nbodsworthcv@angelfire.com,Niall,Bodsworth,M,03/10/2021,98
465,cfullerlovecw@wsj.com,Cathyleen,Fullerlove,F,06/23/2019,94
466,dbrickellcx@npr.org,Danya,Brickell,M,01/14/2020,88
467,jhealingcy@cafepress.com,Joyann,Healing,F,02/15/2021,4
468,hdallaghancz@e-recht24.de,Hilarius,Dallaghan,M,01/02/2021,49
469,tchardind0@bbc.co.uk,Teodorico,Chardin,M,02/03/2020,38
470,jharbererd1@instagram.com,Jocelyne,Harberer,F,08/15/2019,64
471,zdiggled2@patch.com,Zeb,Diggle,M,10/10/2020,33
472,dlecountd3@cocolog-nifty.com,Dolley,Le - Count,F,03/10/2021,23
473,wleballd4@google.co.uk,Wildon,Le Ball,M,03/05/2021,35
474,cmorreld5@webnode.com,Christel,Morrel,F,04/03/2019,31
475,jhoytd6@patch.com,Jacklyn,Hoyt,F,07/14/2019,53
476,gadshedd7@exblog.jp,Genevieve,Adshed,F,01/10/2021,84
477,gpiscotd8@statcounter.com,Ginni,Piscot,F,12/14/2019,61
478,acraned9@nifty.com,Alika,Crane,F,07/22/2019,72
479,cdowdneyda@jimdo.com,Carine,Dowdney,F,04/12/2021,31
480,vmcdougalddb@dedecms.com,Vicky,McDougald,F,04/13/2019,72
481,daucuttdc@lycos.com,Don,Aucutt,M,04/16/2020,58
482,wwolfedd@edublogs.org,Wyndham,Wolfe,M,10/23/2019,90
483,mabellade@cmu.edu,Mic,Abella,M,12/18/2020,56
484,dfoxcroftdf@wiley.com,Danya,Foxcroft,F,06/21/2019,45
485,gfairburnedg@gizmodo.com,Garrick,Fairburne,M,01/23/2021,69
486,lcaserdh@dion.ne.jp,Lock,Caser,M,01/19/2020,74
487,tpaishdi@taobao.com,Teirtza,Paish,F,05/22/2020,57
488,ebriendj@jalbum.net,Emelia,Brien,F,03/05/2020,67
489,tpittemdk@cdc.gov,Tommy,Pittem,F,06/15/2020,21
490,ebowheydl@instagram.com,Emiline,Bowhey,F,03/10/2021,60
491,apinneydm@engadget.com,Audrye,Pinney,F,10/16/2020,51
492,swatsondn@newsvine.com,Sam,Watson,M,06/18/2020,18
493,cshatliffedo@google.com.br,Clementius,Shatliffe,M,02/05/2020,43
494,atarrierdp@google.es,Amity,Tarrier,F,12/01/2020,75
495,bshalldq@stanford.edu,Brennan,Shall,M,07/25/2019,76
496,canyondr@issuu.com,Caesar,Anyon,M,10/12/2020,79
497,fbellasds@soup.io,Frants,Bellas,M,06/18/2020,9
498,abicedt@upenn.edu,Ammamaria,Bice,F,10/24/2020,98
499,lmccromleydu@bloglovin.com,Launce,McCromley,M,05/17/2019,18
500,achumleydv@wunderground.com,Amelie,Chumley,F,07/17/2019,53
501,mquilligandw@4shared.com,Meggie,Quilligan,F,12/24/2020,100
502,boslardx@aol.com,Berny,Oslar,M,04/23/2020,32
503,sgheorghescudy@delicious.com,Simmonds,Gheorghescu,M,04/04/2020,95
504,jpuddiferdz@cnbc.com,Jacobo,Puddifer,M,01/24/2021,70
505,froobottome0@mayoclinic.com,Flynn,Roobottom,M,03/05/2020,21
506,swardhaughe1@netscape.com,Stafani,Wardhaugh,F,12/30/2019,7
507,kdmitrovice2@icio.us,Korry,Dmitrovic,F,09/18/2019,11
508,ecicculie3@imgur.com,Ebba,Cicculi,F,04/08/2021,99
509,tcockhille4@list-manage.com,Terese,Cockhill,F,06/12/2020,94
510,nkebbelle5@si.edu,Nikolia,Kebbell,F,08/18/2020,21
511,sedee6@google.it,Shae,Ede,F,09/30/2019,11
512,aillinge7@nyu.edu,Ari,Illing,M,04/14/2021,24
513,cetchelle8@symantec.com,Cherry,Etchell,F,08/01/2020,36
514,tcloneye9@com.com,Tann,Cloney,M,06/30/2020,97
515,ljubbea@unblog.fr,Leora,Jubb,F,10/14/2019,21
516,mdurganeb@amazon.co.uk,Melitta,Durgan,F,08/20/2020,10
517,alangwadeec@bbb.org,Aloisia,Langwade,F,06/05/2019,57
518,bcreffeilded@blogger.com,Bryna,Creffeild,F,10/12/2019,55
519,hbedinhamee@slate.com,Hillery,Bedinham,M,05/07/2020,68
520,mjervoiseef@businessweek.com,Mahala,Jervoise,F,02/22/2020,91
521,mblaydeg@seattletimes.com,Madelle,Blayd,F,10/11/2020,29
522,fdelafonteh@nationalgeographic.com,Fawn,Delafont,F,06/29/2019,78
523,twilcherei@lycos.com,Tuckie,Wilcher,M,05/13/2019,44
524,ddeboickej@kickstarter.com,Dayle,Deboick,F,04/14/2019,54
525,lkuschkeek@state.tx.us,Lari,Kuschke,F,08/10/2019,39
526,wmeeronel@nytimes.com,Werner,Meeron,M,09/05/2019,6
527,cakesterem@china.com.cn,Cindelyn,Akester,F,06/08/2019,63
528,kgaffeyen@cmu.edu,Kaile,Gaffey,F,11/01/2020,4
529,fmariotteeo@umn.edu,Florette,Mariotte,F,01/18/2020,89
530,tradfordep@digg.com,Teena,Radford,F,12/09/2020,85
531,kdefilippoeq@unblog.fr,Kristen,De Filippo,F,12/26/2020,95
532,ehanburyer@forbes.com,Emmery,Hanbury,M,12/06/2019,92
533,meberlees@prnewswire.com,Mab,Eberle,F,12/10/2019,64
534,afurmageet@merriam-webster.com,Arnuad,Furmage,M,09/24/2019,27
535,tivakhineu@bing.com,Tucky,Ivakhin,M,07/25/2019,57
536,cgallichiccioev@state.tx.us,Carena,Gallichiccio,F,11/05/2020,30
537,gtayloeew@who.int,Gilly,Tayloe,F,05/04/2019,71
538,abeavesex@canalblog.com,Aldwin,Beaves,M,12/05/2020,43
539,plyokhiney@xing.com,Phillip,Lyokhin,M,03/02/2021,74
540,bdockreeez@last.fm,Bonni,Dockree,F,07/04/2020,3
541,cmauchlinef0@printfriendly.com,Coraline,Mauchline,F,09/02/2020,64
542,ajuoriof1@angelfire.com,Alisha,Juorio,F,11/07/2019,45
543,nbroydf2@cisco.com,Neddy,Broyd,M,02/27/2020,17
544,fjostanf3@netscape.com,Frederick,Jostan,M,04/30/2021,83
545,tbelchamf4@artisteer.com,Tallie,Belcham,F,03/27/2020,7
546,gimpeyf5@newsvine.com,Georges,Impey,M,11/18/2020,67
547,lpinnockf6@google.com.au,Lexie,Pinnock,F,03/11/2021,35
548,kmclernonf7@privacy.gov.au,Kailey,McLernon,F,01/13/2020,37
549,abamseyf8@rambler.ru,Andros,Bamsey,M,09/09/2020,81
550,tpatelf9@mozilla.com,Tamara,Patel,F,01/30/2020,59
551,bredhillsfa@xrea.com,Buck,Redhills,M,11/17/2019,74
552,tgreeningfb@t-online.de,Tabitha,Greening,F,04/30/2019,36
553,twhitticksfc@blogtalkradio.com,Tove,Whitticks,F,01/06/2021,58
554,kmitchleyfd@forbes.com,Kamila,Mitchley,F,11/10/2019,43
555,bworviellfe@sakura.ne.jp,Borg,Worviell,M,02/12/2021,85
556,jwestfalenff@linkedin.com,Jane,Westfalen,F,10/21/2020,55
557,bbabingtonfg@netlog.com,Brittan,Babington,F,06/18/2019,38
558,whaggartfh@ox.ac.uk,Wallace,Haggart,M,04/27/2020,11
559,awildberfi@com.com,Asa,Wildber,M,12/22/2020,59
560,dvennardfj@naver.com,Dalston,Vennard,M,05/10/2019,98
561,adewifk@tuttocitta.it,Addison,Dewi,M,06/03/2020,67
562,cromushkinfl@vistaprint.com,Carlynn,Romushkin,F,10/07/2019,61
563,dpetscheltfm@time.com,Dewie,Petschelt,M,06/03/2020,66
564,ecardozofn@ted.com,Ellissa,Cardozo,F,06/13/2019,38
565,acratchleyfo@bigcartel.com,Alaster,Cratchley,M,04/27/2019,24
566,lbulcroftfp@wp.com,Lloyd,Bulcroft,M,12/26/2019,43
567,sbugdallfq@nbcnews.com,Sebastien,Bugdall,M,11/22/2020,63
568,llequesnefr@wordpress.com,Lucky,Le Quesne,F,11/20/2019,57
569,tblakeboroughfs@free.fr,Tony,Blakeborough,F,08/03/2019,13
570,adreierft@ebay.co.uk,Alphard,Dreier,M,07/09/2020,60
571,scrannagefu@comcast.net,Sondra,Crannage,F,01/14/2021,65
572,tbeinkefv@yelp.com,Tome,Beinke,M,06/20/2019,67
573,ewillischfw@deliciousdays.com,Eileen,Willisch,F,03/11/2021,74
574,crissomfx@state.tx.us,Cosimo,Rissom,M,12/24/2019,99
575,jfrankumfy@imdb.com,Jackie,Frankum,F,04/30/2021,68
576,ecoginfz@seesaa.net,Efrem,Cogin,M,03/07/2021,47
577,dstoeckleg0@deliciousdays.com,Denny,Stoeckle,M,03/08/2021,43
578,jbordissg1@zdnet.com,Jeramie,Bordiss,M,02/02/2020,72
579,cbergeng2@dropbox.com,Clarisse,Bergen,F,10/21/2020,59
580,hrothmang3@guardian.co.uk,Hasty,Rothman,M,07/27/2019,48
581,jdilliwayg4@nydailynews.com,Junette,Dilliway,F,05/01/2019,90
582,djurgensong5@va.gov,Dell,Jurgenson,F,12/26/2019,15
583,eflisherg6@theguardian.com,Elmira,Flisher,F,04/24/2020,23
584,twoodnuttg7@rediff.com,Timmie,Woodnutt,F,08/30/2020,85
585,jspallsg8@hao123.com,Janeta,Spalls,F,06/19/2019,79
586,bcrucettig9@youtube.com,Babita,Crucetti,F,04/26/2021,57
587,cporteousga@pcworld.com,Cristabel,Porteous,F,08/27/2019,68
588,hfewgb@godaddy.com,Humfrid,Few,M,09/12/2020,96
589,dmathwengc@noaa.gov,Dall,Mathwen,M,10/10/2019,92
590,idudillgd@artisteer.com,Ivy,Dudill,F,12/24/2020,78
591,hglenniege@php.net,Ham,Glennie,M,08/30/2019,63
592,agendrickegf@skyrock.com,Arlan,Gendricke,M,10/19/2019,69
593,ndevauxgg@jigsy.com,Nathanil,De Vaux,M,03/10/2021,92
594,camossgh@seattletimes.com,Caroline,Amoss,F,04/04/2020,99
595,fbruckmanngi@si.edu,Francklyn,Bruckmann,M,12/24/2019,38
596,lduergj@java.com,Libby,Duer,F,02/02/2020,83
597,cboulshergk@redcross.org,Cammi,Boulsher,F,04/29/2020,5
598,dpugsleygl@cpanel.net,Dannel,Pugsley,M,03/15/2020,67
599,bbrissendengm@nymag.com,Beth,Brissenden,F,04/22/2021,67
600,cwadelinggn@accuweather.com,Culver,Wadeling,M,02/06/2020,4
601,pmacmichaelgo@prlog.org,Patty,MacMichael,M,03/11/2020,80
602,acolisbegp@addthis.com,Alaric,Colisbe,M,11/02/2019,71
603,ekinneallygq@ycombinator.com,Eben,Kinneally,M,06/05/2019,98
604,inijsgr@hubpages.com,Issie,Nijs,F,03/21/2021,82
605,jjoshgs@ox.ac.uk,Jodee,Josh,F,03/09/2020,42
606,jdecarlogt@dagondesign.com,Josie,De Carlo,F,08/26/2019,95
607,fstclairgu@hp.com,Forrester,St Clair,M,03/31/2021,52
608,lbugbirdgv@usda.gov,Lindsay,Bugbird,F,12/27/2020,83
609,meastongw@gmpg.org,Maryellen,Easton,F,05/16/2020,66
610,rtailegx@timesonline.co.uk,Randi,Taile,M,02/17/2020,13
611,gevensdengy@google.fr,Georas,Evensden,M,02/03/2021,55
612,khollerangz@weibo.com,Kort,Holleran,M,11/05/2019,74
613,scovelyh0@cpanel.net,Sergent,Covely,M,05/09/2019,22
614,cwoodfieldh1@com.com,Cam,Woodfield,M,08/21/2019,25
615,growburyh2@yahoo.com,Golda,Rowbury,F,05/23/2020,95
616,jaronstamh3@squidoo.com,Justus,Aronstam,M,09/07/2019,75
617,erobbh4@epa.gov,Emilia,Robb,F,07/09/2020,83
618,bmattaush5@woothemes.com,Bordy,Mattaus,M,05/02/2021,27
619,bbonnavanth6@infoseek.co.jp,Brigida,Bonnavant,F,09/08/2019,52
620,tsingersh7@sbwire.com,Thorn,Singers,M,01/29/2020,48
621,aroycrofth8@bandcamp.com,Alexandre,Roycroft,M,08/14/2019,54
622,lraffelsh9@infoseek.co.jp,Loralee,Raffels,F,12/10/2019,95
623,cmolesha@washington.edu,Calli,Moles,F,11/06/2020,76
624,czisneroshb@un.org,Calida,Zisneros,F,03/02/2020,24
625,dtaaffehc@addthis.com,Damara,Taaffe,F,04/26/2020,20
626,zkleenhd@weibo.com,Zsazsa,Kleen,F,07/12/2019,78
627,mthreadgillhe@epa.gov,Madelaine,Threadgill,F,11/15/2019,65
628,lmablyhf@usa.gov,Lawry,Mably,M,07/06/2019,14
629,bclurowhg@sina.com.cn,Bernadina,Clurow,F,07/11/2020,1
630,blippardhh@bing.com,Brandice,Lippard,F,02/12/2020,23
631,lsquibehi@toplist.cz,Linda,Squibe,F,06/27/2019,21
632,lveltihj@163.com,Luciana,Velti,F,09/29/2020,51
633,loxbrowhk@live.com,Linda,Oxbrow,F,10/06/2019,28
634,pmeakinhl@hugedomains.com,Perla,Meakin,F,04/17/2019,86
635,idressellhm@dailymotion.com,Irvine,Dressell,M,12/22/2019,96
636,mreckhn@amazon.co.uk,Madelina,Reck,F,04/20/2021,51
637,jtraharho@typepad.com,Jo,Trahar,M,05/12/2019,22
638,cderricohp@4shared.com,Cristy,D'Errico,F,08/19/2020,32
639,fpaffothq@go.com,Faunie,Paffot,F,08/29/2020,16
640,leckhhr@tiny.cc,Laural,Eckh,F,05/29/2020,10
641,bdrenghs@archive.org,Bevvy,Dreng,F,05/09/2020,71
642,ramberght@earthlink.net,Robinia,Amberg,F,02/10/2020,92
643,acrookeshu@domainmarket.com,Ansell,Crookes,M,07/21/2019,53
644,abottbyhv@smugmug.com,Arlinda,Bottby,F,03/21/2021,60
645,kgisckenhw@hc360.com,Ky,Giscken,M,02/19/2021,78
646,lcardoohx@de.vu,Liesa,Cardoo,F,01/30/2020,76
647,rvellahy@disqus.com,Rosaleen,Vella,F,02/21/2021,15
648,amacevillyhz@creativecommons.org,Averill,MacEvilly,M,06/21/2020,45
649,hbuffi0@php.net,Huntington,Buff,M,08/01/2019,42
650,fskewesi1@is.gd,Francyne,Skewes,F,10/05/2020,91
651,wmosconii2@vk.com,Willette,Mosconi,F,08/01/2019,42
652,brobei3@usatoday.com,Benjamin,Robe,M,06/15/2019,95
653,gklimkei4@webeden.co.uk,Gabbey,Klimke,F,01/25/2020,61
654,glarcieri5@ted.com,Grant,Larcier,M,11/12/2019,11
655,pcoadei6@freewebs.com,Pooh,Coade,F,08/02/2019,90
656,bgiacopettii7@usa.gov,Buck,Giacopetti,M,04/30/2021,22
657,erodderi8@phpbb.com,Electra,Rodder,F,08/17/2019,32
658,garstingalli9@networksolutions.com,Graig,Arstingall,M,11/02/2020,95
659,hpenningsia@illinois.edu,Hyatt,Pennings,M,12/13/2019,46
660,rcrumleyib@adobe.com,Ronnie,Crumley,F,02/01/2020,79
661,ecampeyic@fema.gov,Eduardo,Campey,M,06/10/2020,33
662,uwhatfordid@apache.org,Ulysses,Whatford,M,10/14/2020,43
663,ysquireie@time.com,Yalonda,Squire,F,10/08/2019,30
664,epeattieif@simplemachines.org,Edna,Peattie,F,02/03/2021,36
665,emartelliniig@npr.org,Ezri,Martellini,M,06/22/2019,98
666,kciepluchih@fema.gov,Kile,Ciepluch,M,03/22/2021,38
667,dcordierii@vk.com,Dud,Cordier,M,02/18/2020,71
668,wmathewesij@phpbb.com,Whitman,Mathewes,M,08/20/2020,79
669,ctattershallik@altervista.org,Charmane,Tattershall,F,03/20/2020,95
670,tsilberil@home.pl,Tiena,Silber,F,07/02/2020,18
671,farnetim@deviantart.com,Farleigh,Arnet,M,01/26/2020,92
672,hclemenceauin@amazon.co.uk,Herman,Clemenceau,M,05/02/2021,62
673,dedgario@ftc.gov,Dianemarie,Edgar,F,09/16/2019,100
674,ceastmondip@ucla.edu,Catarina,Eastmond,F,06/05/2019,11
675,svaloisiq@parallels.com,Salvador,Valois,M,01/03/2020,11
676,anisenir@blogspot.com,Anette,Nisen,F,04/07/2020,83
677,dtriggsis@sfgate.com,Dorie,Triggs,F,02/04/2021,21
678,alisciandriit@discuz.net,Abraham,Lisciandri,M,01/16/2021,43
679,dblemeniu@psu.edu,Dorothy,Blemen,F,03/03/2021,84
680,ebabbageiv@paginegialle.it,Estevan,Babbage,M,10/15/2020,88
681,kfrowingiw@naver.com,Knox,Frowing,M,02/21/2020,15
682,dlawtherix@printfriendly.com,Drusi,Lawther,F,07/19/2019,63
683,jarchdeckneiy@soup.io,Jerald,Archdeckne,M,01/16/2021,36
684,achancelloriz@barnesandnoble.com,Ashia,Chancellor,F,10/11/2019,4
685,eheadrickj0@columbia.edu,Egor,Headrick,M,08/28/2019,45
686,weskriettj1@google.de,Winfred,Eskriett,M,01/13/2021,48
687,cacoryj2@virginia.edu,Catha,Acory,F,12/02/2020,89
688,mhendrichj3@twitter.com,Marco,Hendrich,M,06/23/2020,27
689,mlaurensonj4@sun.com,Marline,Laurenson,F,06/15/2020,89
690,bmcgonigalj5@hatena.ne.jp,Brucie,McGonigal,M,03/09/2020,94
691,cscurrj6@cyberchimps.com,Claretta,Scurr,F,12/24/2019,52
692,jmuatj7@bing.com,Jinny,Muat,F,05/01/2021,72
693,cshannonj8@japanpost.jp,Cornelle,Shannon,F,04/04/2019,10
694,gvannuccij9@barnesandnoble.com,Guthrie,Vannucci,M,05/02/2020,46
695,jmollerja@usnews.com,Jessamyn,Moller,F,04/16/2021,15
696,ohoofejb@gravatar.com,Orsola,Hoofe,F,07/30/2020,3
697,tkindlesidejc@wikimedia.org,Tudor,Kindleside,M,08/16/2020,38
698,thuisonjd@epa.gov,Temple,Huison,M,07/24/2019,33
699,khearsumje@microsoft.com,Kaia,Hearsum,F,01/17/2021,90
700,mwestbergjf@w3.org,Mendie,Westberg,M,07/20/2020,74
701,njeannonjg@arizona.edu,Nefen,Jeannon,M,09/01/2020,27
702,apottsjh@nytimes.com,Auria,Potts,F,12/28/2020,31
703,rfibbenji@chicagotribune.com,Rockey,Fibben,M,06/02/2020,98
704,veyrljj@examiner.com,Viv,Eyrl,F,10/06/2020,39
705,byurchishinjk@va.gov,Boone,Yurchishin,M,01/16/2020,87
706,mbutterjl@apache.org,Morlee,Butter,M,11/16/2020,52
707,vconachiejm@usnews.com,Vanny,Conachie,F,09/24/2020,81
708,mblunsenjn@drupal.org,Masha,Blunsen,F,07/11/2019,6
709,mforsdykejo@harvard.edu,Margarete,Forsdyke,F,11/07/2019,5
710,bpickrilljp@joomla.org,Briano,Pickrill,M,10/06/2019,41
711,elevanejq@biblegateway.com,Enoch,Levane,M,09/25/2019,12
712,dklimkejr@china.com.cn,Dave,Klimke,M,07/09/2019,22
713,lbrigdalejs@ezinearticles.com,Lisbeth,Brigdale,F,12/25/2020,81
714,jmontjt@histats.com,Jakie,Mont,M,12/28/2019,47
715,rbastianju@wordpress.org,Remus,Bastian,M,02/05/2021,12
716,mmclewdjv@pcworld.com,Marabel,McLewd,F,08/29/2020,57
717,emaciaszczykjw@admin.ch,Eduard,Maciaszczyk,M,08/12/2019,94
718,tmaltjx@dailymail.co.uk,Tonya,Malt,F,03/11/2020,3
719,cstutardjy@state.gov,Casper,Stutard,M,08/15/2019,64
720,ainglishjz@wp.com,Adamo,Inglish,M,08/15/2020,14
721,fprestlandk0@jigsy.com,Fitz,Prestland,M,01/30/2021,44
722,therchek1@bandcamp.com,Thea,Herche,F,03/27/2020,79
723,lbrotherwoodk2@angelfire.com,La verne,Brotherwood,F,05/28/2019,47
724,lmckelviek3@typepad.com,Lester,McKelvie,M,02/01/2021,75
725,flobek4@slashdot.org,Frankie,Lobe,F,02/01/2021,52
726,hrubinowitschk5@japanpost.jp,Hobart,Rubinowitsch,M,03/30/2020,12
727,svossek6@go.com,Sheila,Vosse,F,07/10/2019,9
728,cshawyerk7@cam.ac.uk,Charmian,Shawyer,F,08/15/2019,94
729,cwallisk8@discovery.com,Carmela,Wallis,F,05/29/2020,60
730,ralvisk9@columbia.edu,Rozalin,Alvis,F,05/20/2020,74
731,awheatonka@bbb.org,Alli,Wheaton,F,01/22/2021,47
732,ereiskkb@alibaba.com,Emilia,Reisk,F,06/21/2019,98
733,fmauldenkc@cpanel.net,Franklin,Maulden,M,05/05/2020,30
734,ebrownleakd@mail.ru,Edy,Brownlea,F,11/10/2019,49
735,gbellinoke@shop-pro.jp,Geri,Bellino,M,08/13/2019,93
736,nhodgeskf@comcast.net,Nance,Hodges,F,05/01/2019,75
737,cvalentinkg@twitpic.com,Currey,Valentin,M,08/12/2019,5
738,ajohnssonkh@netvibes.com,Antonino,Johnsson,M,03/22/2020,13
739,cvaheyki@marriott.com,Carmita,Vahey,F,01/16/2021,58
740,lvandenhofkj@nba.com,Leontine,Van den Hof,F,04/23/2019,19
741,mjaskiewiczkk@irs.gov,Merrill,Jaskiewicz,M,03/07/2020,17
742,lmorhallkl@xinhuanet.com,Liam,Morhall,M,12/02/2019,99
743,istaineskm@diigo.com,Isidora,Staines,F,05/29/2020,4
744,rkuschelkn@addtoany.com,Roddy,Kuschel,M,05/11/2019,86
745,apefferko@yahoo.co.jp,Aura,Peffer,F,01/24/2021,9
746,ksidrykp@amazonaws.com,Karisa,Sidry,F,03/27/2020,15
747,bbremleykq@ihg.com,Bernardina,Bremley,F,05/21/2019,62
748,vfinlasonkr@bloomberg.com,Vaughn,Finlason,M,01/08/2020,43
749,cemblinks@reddit.com,Cross,Emblin,M,07/04/2020,44
750,ltuminellikt@narod.ru,Lorrie,Tuminelli,F,11/20/2020,33
751,prockeyku@aboutads.info,Paddy,Rockey,M,02/16/2021,59
752,sschoenrockkv@printfriendly.com,Shandeigh,Schoenrock,F,03/13/2020,16
753,dedmottkw@wunderground.com,Domingo,Edmott,M,08/12/2019,55
754,npainkx@google.com.br,Natty,Pain,F,08/08/2019,82
755,cfeigeky@wp.com,Clementina,Feige,F,12/11/2020,60
756,mfulkkz@dedecms.com,Melitta,Fulk,F,03/01/2020,89
757,joreganl0@house.gov,Jeanette,O'Regan,F,08/07/2020,45
758,llansberryl1@vk.com,Laryssa,Lansberry,F,09/06/2019,27
759,mchallensl2@scribd.com,Mellicent,Challens,F,07/08/2019,17
760,hpachl3@wix.com,Harold,Pach,M,01/29/2020,32
761,hcastagnarol4@opera.com,Helga,Castagnaro,F,07/06/2019,61
762,hshurmorel5@smugmug.com,Hugo,Shurmore,M,05/24/2020,13
763,toneall6@booking.com,Taite,Oneal,M,02/08/2020,91
764,jwemyssl7@reference.com,Josiah,Wemyss,M,08/09/2020,14
765,bgianillil8@homestead.com,Barde,Gianilli,M,08/10/2019,58
766,bwalklottl9@opera.com,Bobby,Walklott,M,02/21/2021,18
767,llocksla@hud.gov,Levon,Locks,M,05/25/2019,42
768,veldonlb@delicious.com,Veda,Eldon,F,06/25/2019,63
769,wmushartlc@163.com,Wallache,Mushart,M,12/30/2020,36
770,kdebischopld@nationalgeographic.com,Kissiah,De Bischop,F,07/02/2020,100
771,lpretswellle@biblegateway.com,Leyla,Pretswell,F,11/14/2019,70
772,smuddicliffelf@seesaa.net,Shea,Muddicliffe,F,09/29/2020,1
773,vthreadgoldlg@opensource.org,Valenka,Threadgold,F,04/13/2019,96
774,smaturalh@merriam-webster.com,Shaughn,Matura,M,02/10/2020,67
775,jfilippuccili@gmpg.org,Jo-anne,Filippucci,F,05/07/2019,67
776,tdradeylj@tmall.com,Tyne,Dradey,F,04/29/2021,61
777,jcornthwaitelk@altervista.org,Jill,Cornthwaite,F,08/25/2020,89
778,tferencowiczll@arizona.edu,Tyne,Ferencowicz,F,06/01/2020,51
779,ktwamleylm@elpais.com,Kacy,Twamley,F,03/22/2021,66
780,pdoddln@ibm.com,Pen,Dodd,M,01/29/2021,49
781,alisciandrilo@yellowbook.com,Anatola,Lisciandri,F,04/16/2021,7
782,lashelp@sciencedirect.com,Lilla,Ashe,F,05/17/2020,36
783,dlambertciorwynlq@facebook.com,Deborah,Lambert-Ciorwyn,F,03/31/2021,82
784,amarkuslr@comsenz.com,Aleen,Markus,F,09/23/2020,54
785,cdidsburyls@altervista.org,Cordy,Didsbury,M,05/12/2019,73
786,dchittendenlt@nps.gov,Dominique,Chittenden,F,08/30/2019,19
787,adipietrolu@posterous.com,Abeu,Di Pietro,M,04/19/2020,62
788,wboobyerlv@nsw.gov.au,Willard,Boobyer,M,02/19/2020,76
789,mweedslw@amazon.co.uk,Micky,Weeds,M,01/23/2021,52
790,gsilwoodlx@blogger.com,Georgia,Silwood,F,02/14/2021,34
791,msellanly@360.cn,Monah,Sellan,F,02/16/2021,3
792,faxelllz@mapquest.com,Fredrika,Axell,F,03/24/2021,91
793,jflipekm0@hc360.com,Jenelle,Flipek,F,04/03/2020,13
794,spettusm1@instagram.com,Siward,Pettus,M,11/17/2019,42
795,vlamym2@barnesandnoble.com,Valentine,Lamy,M,11/08/2019,55
796,ptimmsm3@google.com,Powell,Timms,M,04/06/2020,49
797,ptarneym4@go.com,Pamelina,Tarney,F,04/26/2021,14
798,slateym5@cocolog-nifty.com,Shell,Latey,F,08/26/2019,53
799,fwimsm6@ed.gov,Frederich,Wims,M,07/24/2020,49
800,aiorim7@goo.gl,Alric,Iori,M,04/27/2021,96
801,jwhaphamm8@nps.gov,Jose,Whapham,M,12/17/2020,39
802,lleathersm9@npr.org,Lesli,Leathers,F,05/31/2019,30
803,fveaseyma@indiatimes.com,Francine,Veasey,F,12/25/2019,10
804,ebeckinsalemb@naver.com,Elnora,Beckinsale,F,12/13/2020,74
805,sbilliardmc@prweb.com,Skipp,Billiard,M,09/02/2020,27
806,kloffillmd@nps.gov,Kellina,Loffill,F,10/11/2019,16
807,lbaignardme@hexun.com,Lesly,Baignard,F,08/17/2019,33
808,rgoodsirmf@mtv.com,Reynold,Goodsir,M,06/03/2020,85
809,dbriertonmg@github.io,Danny,Brierton,M,02/12/2021,22
810,lstuchberymh@wsj.com,Les,Stuchbery,M,09/24/2019,66
811,aalywenmi@com.com,Amery,Alywen,M,09/06/2019,33
812,esessermj@yale.edu,Easter,Sesser,F,05/18/2019,1
813,pkubiczekmk@wired.com,Phil,Kubiczek,M,03/23/2020,2
814,vferryml@uiuc.edu,Viola,Ferry,F,04/25/2019,38
815,slynchmm@yelp.com,Sarajane,Lynch,F,02/07/2021,96
816,bstandevenmn@de.vu,Brittani,Standeven,F,09/06/2020,40
817,sfaddenmo@blogger.com,Sidnee,Fadden,M,10/21/2019,7
818,lnevettmp@businessweek.com,Linnell,Nevett,F,08/20/2019,60
819,sluthermq@so-net.ne.jp,Shea,Luther,M,07/10/2019,28
820,cnewbymr@godaddy.com,Carce,Newby,M,03/10/2021,64
821,sstefims@dmoz.org,Sib,Stefi,F,05/31/2020,88
822,vgoltmt@tmall.com,Verine,Golt,F,12/07/2019,9
823,mflemmingmu@wix.com,Mendy,Flemming,M,04/24/2020,32
824,vtrewekemv@tripadvisor.com,Velvet,Treweke,F,06/25/2019,21
825,rcuttsmw@irs.gov,Raine,Cutts,F,05/04/2019,68
826,cmetterickmx@nytimes.com,Chastity,Metterick,F,04/25/2020,72
827,cperrygomy@cdbaby.com,Cchaddie,Perrygo,M,04/21/2019,90
828,pmillardmz@mozilla.org,Palmer,Millard,M,07/27/2019,94
829,wclawleyn0@sphinn.com,Wait,Clawley,M,04/17/2019,7
830,brawsonn1@redcross.org,Bil,Rawson,M,01/29/2021,31
831,rleneyn2@jigsy.com,Randall,Leney,M,05/18/2020,19
832,rkabschn3@nbcnews.com,Roxine,Kabsch,F,01/28/2020,60
833,sfranklenn4@bizjournals.com,Scottie,Franklen,M,08/27/2020,31
834,fnorquayn5@discuz.net,Frasco,Norquay,M,09/04/2019,38
835,bbostockn6@engadget.com,Bealle,Bostock,M,01/18/2020,11
836,czammettn7@ox.ac.uk,Cate,Zammett,F,05/12/2019,92
837,keasomn8@ucsd.edu,Kermit,Easom,M,06/16/2019,35
838,srainn9@simplemachines.org,Shina,Rain,F,07/29/2019,93
839,kludlemna@free.fr,Kimberlyn,Ludlem,F,06/23/2020,83
840,gsighartnb@sina.com.cn,Gabi,Sighart,M,03/04/2021,34
841,wcoolingnc@mozilla.com,Windham,Cooling,M,07/03/2020,26
842,ocasellasnd@google.pl,Onfre,Casellas,M,02/02/2020,56
843,icaigerne@gnu.org,Ives,Caiger,M,09/09/2019,8
844,cbevarnf@arizona.edu,Cindee,Bevar,F,01/09/2021,53
845,dmcdonnellng@istockphoto.com,Daniele,McDonnell,F,06/08/2019,77
846,ctatenh@thetimes.co.uk,Claribel,Tate,F,08/28/2020,91
847,dstrittonni@dagondesign.com,Dannel,Stritton,M,09/23/2020,44
848,cquestenj@npr.org,Codee,Queste,F,01/24/2020,39
849,vlafayenk@seattletimes.com,Vincent,Lafaye,M,04/18/2019,43
850,jchavesnl@ucoz.ru,Julie,Chaves,M,04/21/2020,19
851,ssizelandnm@edublogs.org,Sigfrid,Sizeland,M,10/14/2019,48
852,agrollenn@wordpress.com,Auberta,Grolle,F,08/05/2020,96
853,swegnerno@netlog.com,Shelden,Wegner,M,04/01/2019,20
854,hbranscombenp@wordpress.org,Hildegarde,Branscombe,F,07/11/2020,9
855,lgrimshawnq@drupal.org,Leonidas,Grimshaw,M,06/19/2020,4
856,mfinchnr@marriott.com,Morgan,Finch,M,08/20/2020,69
857,etodarinins@amazonaws.com,Eddie,Todarini,M,11/07/2019,48
858,avickressnt@ow.ly,Ardine,Vickress,F,04/05/2021,29
859,kseamansnu@vistaprint.com,Kimbra,Seamans,F,11/16/2019,51
860,omattschasnv@seesaa.net,Orton,Mattschas,M,05/20/2020,18
861,talyutinnw@earthlink.net,Tiena,Alyutin,F,12/26/2019,3
862,amarconx@histats.com,Alison,Marco,F,12/19/2019,72
863,gzoanettiny@ucsd.edu,Gregorius,Zoanetti,M,10/26/2019,19
864,gklischnz@usda.gov,Gary,Klisch,M,07/04/2019,90
865,lrawkesbyo0@google.com,Lamar,Rawkesby,M,03/26/2021,34
866,jsteedeno1@indiegogo.com,Jessi,Steeden,F,01/13/2021,66
867,cgyeneso2@weebly.com,Cesya,Gyenes,F,03/04/2020,74
868,rradcliffeo3@1und1.de,Rafaello,Radcliffe,M,09/18/2019,97
869,mjarleyo4@sbwire.com,Magdalene,Jarley,F,12/14/2020,1
870,wskipseao5@paypal.com,Wilden,Skipsea,M,05/09/2019,62
871,ecarvilleo6@rediff.com,Emile,Carville,M,02/15/2021,21
872,rclaywortho7@seattletimes.com,Ring,Clayworth,M,11/07/2019,53
873,emeerto8@techcrunch.com,Euphemia,Meert,F,05/13/2019,93
874,mbrightieo9@princeton.edu,Mavra,Brightie,F,02/08/2020,47
875,reckfordoa@addthis.com,Roxana,Eckford,F,01/05/2021,70
876,detockob@businessinsider.com,Dennis,Etock,M,07/31/2019,84
877,elourencooc@howstuffworks.com,Esmeralda,Lourenco,F,11/05/2019,70
878,ccharteod@cyberchimps.com,Cathi,Charte,F,10/13/2020,49
879,ecurtinoe@gizmodo.com,Evey,Curtin,F,08/01/2019,46
880,camayaof@whitehouse.gov,Cosmo,Amaya,M,05/24/2020,22
881,jhelianog@examiner.com,Jabez,Helian,M,05/03/2020,89
882,dpittsoh@cpanel.net,Desdemona,Pitts,F,12/09/2019,60
883,gquadeoi@slideshare.net,Giffie,Quade,M,08/21/2019,66
884,hnortunenoj@booking.com,Hildagarde,Nortunen,F,04/07/2020,87
885,tmandersonok@sciencedirect.com,Traver,Manderson,M,04/06/2020,89
886,ustrelitzkiol@redcross.org,Uriel,Strelitzki,M,12/13/2019,60
887,wgovinlockom@psu.edu,Weylin,Govinlock,M,07/26/2020,29
888,alappingon@howstuffworks.com,Ashley,Lapping,M,08/30/2020,61
889,tgresleyoo@com.com,Tarah,Gresley,F,07/18/2019,29
890,dnassyop@reference.com,Diandra,Nassy,F,07/14/2020,73
891,mmushettoq@google.co.uk,Morgen,Mushett,F,09/14/2019,17
892,iexcellor@imageshack.us,Isa,Excell,F,06/06/2020,32
893,fmcgrayleos@netlog.com,Freida,McGrayle,F,02/21/2021,79
894,scatherickot@ft.com,Sherri,Catherick,F,09/27/2019,15
895,mminchinou@plala.or.jp,Maribel,Minchin,F,06/29/2019,60
896,pkittleyov@ebay.co.uk,Pansie,Kittley,F,01/17/2020,69
897,eduforeow@nps.gov,Eveline,Dufore,F,12/02/2020,88
898,ablethynox@noaa.gov,Antoinette,Blethyn,F,01/27/2021,27
899,hyakobowitchoy@bigcartel.com,Hoebart,Yakobowitch,M,10/16/2019,59
900,pshropshireoz@phpbb.com,Pauly,Shropshire,F,04/19/2019,72
901,hdellortop0@skype.com,Hobard,Dell 'Orto,M,10/07/2019,26
902,kmckiep1@reference.com,Kellen,McKie,M,07/15/2019,2
903,ckegleyp2@msn.com,Colver,Kegley,M,06/20/2020,97
904,ssemeradovap3@ca.gov,Stacie,Semeradova,F,04/13/2020,81
905,efittp4@time.com,Electra,Fitt,F,07/04/2020,18
906,jdoelp5@gov.uk,Jourdain,Doel,M,04/14/2021,29
907,ydoblep6@boston.com,Yankee,Doble,M,09/04/2019,24
908,vmotep7@nationalgeographic.com,Victoir,Mote,M,12/10/2019,32
909,aconnettp8@statcounter.com,Ancell,Connett,M,06/04/2020,43
910,tdoringp9@addtoany.com,Terrie,Doring,F,02/11/2021,45
911,pgrelkapa@eepurl.com,Paddie,Grelka,M,05/13/2020,34
912,agammidgepb@tuttocitta.it,Albina,Gammidge,F,10/23/2019,13
913,slempkepc@multiply.com,Spike,Lempke,M,03/14/2021,95
914,jdumelowpd@wordpress.com,Jobi,Dumelow,F,01/20/2021,95
915,bphilipetpe@nationalgeographic.com,Basilius,Philipet,M,01/31/2021,84
916,bclausnerpf@cmu.edu,Bobine,Clausner,F,06/30/2019,60
917,rschuckpg@fotki.com,Robbin,Schuck,F,10/11/2019,21
918,cgooddyph@storify.com,Crysta,Gooddy,F,01/28/2020,84
919,dmattampi@g.co,Desiri,Mattam,F,10/16/2020,15
920,gjirickpj@salon.com,Gwennie,Jirick,F,07/31/2020,19
921,vwhacketpk@de.vu,Veronike,Whacket,F,09/15/2020,94
922,casserpl@wsj.com,Coraline,Asser,F,06/27/2020,100
923,rkenderpm@netlog.com,Rorke,Kender,M,08/08/2019,20
924,bdadepn@unesco.org,Bobina,Dade,F,11/30/2020,63
925,bdysterpo@google.it,Bari,Dyster,F,06/20/2020,64
926,paldiepp@sun.com,Pinchas,Aldie,M,06/18/2020,83
927,jmckewpq@drupal.org,Julienne,McKew,F,11/26/2019,35
928,jmowsdillpr@engadget.com,Jackie,Mowsdill,M,07/03/2019,45
929,ecornewps@sbwire.com,Egbert,Cornew,M,06/24/2020,96
930,creddinpt@businesswire.com,Christen,Reddin,F,05/12/2020,36
931,cjaherpu@home.pl,Cordie,Jaher,F,08/24/2019,12
932,nbarnardpv@nydailynews.com,Nani,Barnard,F,02/26/2020,33
933,schatinpw@mozilla.org,Saudra,Chatin,F,06/19/2019,36
934,gtitleypx@linkedin.com,Gonzalo,Titley,M,09/06/2019,2
935,vsaldlerpy@digg.com,Vittoria,Saldler,F,03/21/2020,40
936,wsollonpz@zimbio.com,Wiley,Sollon,M,08/23/2020,16
937,rkarshq0@nhs.uk,Roger,Karsh,M,07/02/2019,60
938,fdudlestoneq1@zdnet.com,Freddy,Dudlestone,F,03/25/2020,96
939,acurdq2@wix.com,Avigdor,Curd,M,06/25/2020,42
940,sbrunnsteinq3@macromedia.com,Seamus,Brunnstein,M,11/19/2019,88
941,mferierq4@examiner.com,Marinna,Ferier,F,07/08/2020,76
942,oboshersq5@nba.com,Orsa,Boshers,F,09/11/2020,2
943,fnoseworthyq6@mtv.com,Frederich,Noseworthy,M,06/26/2019,12
944,lfilderyq7@rediff.com,Laurie,Fildery,M,06/22/2020,57
945,pstreetonq8@people.com.cn,Pepe,Streeton,M,01/13/2020,72
946,cyushankinq9@msu.edu,Carlos,Yushankin,M,11/16/2019,11
947,vmoncktonqa@hatena.ne.jp,Vasilis,Monckton,M,09/21/2020,29
948,ipuckhamqb@ycombinator.com,Inna,Puckham,F,04/25/2019,42
949,uolearyqc@psu.edu,Ursula,O'Leary,F,10/16/2020,60
950,beddisforthqd@artisteer.com,Brandice,Eddisforth,F,08/01/2019,37
951,fpickhaverqe@mtv.com,Farly,Pickhaver,M,11/21/2019,55
952,bgildersqf@youku.com,Brenda,Gilders,F,11/03/2019,29
953,myegorovqg@redcross.org,Merill,Yegorov,M,10/20/2019,4
954,bspaffordqh@histats.com,Boone,Spafford,M,05/22/2020,11
955,greedyhoughqi@rediff.com,Guillema,Reedyhough,F,01/02/2020,61
956,rtebbqj@issuu.com,Robby,Tebb,F,08/13/2020,95
957,mhartoppqk@reference.com,Meyer,Hartopp,M,04/24/2021,63
958,gnayerql@infoseek.co.jp,Garvey,Nayer,M,03/31/2021,34
959,hcadoganqm@posterous.com,Herbert,Cadogan,M,10/19/2020,53
960,rbilfootqn@multiply.com,Rochell,Bilfoot,F,07/04/2019,91
961,dharkinsqo@oracle.com,Derek,Harkins,M,11/12/2020,11
962,alutoqp@sfgate.com,Alica,Luto,F,07/01/2019,4
963,mvodenqq@usatoday.com,Maurie,Voden,M,10/14/2020,71
964,sboorneqr@npr.org,Sven,Boorne,M,09/18/2019,95
965,lioannouqs@phoca.cz,Lea,Ioannou,F,09/15/2020,39
966,mcleminsonqt@multiply.com,Malvin,Cleminson,M,10/22/2019,16
967,shookqu@samsung.com,Sharleen,Hook,F,04/28/2020,78
968,marrighiqv@amazon.com,Marion,Arrighi,M,08/05/2020,23
969,oklynqw@storify.com,Otis,Klyn,M,09/28/2020,53
970,rissacofqx@walmart.com,Ranique,Issacof,F,03/13/2021,61
971,ghaingeqy@twitter.com,Gilles,Hainge,M,03/22/2021,16
972,aoverelqz@ow.ly,Auguste,Overel,F,12/17/2020,69
973,blowthr0@usatoday.com,Brooks,Lowth,M,09/14/2020,38
974,jfernr1@virginia.edu,Jennilee,Fern,F,08/18/2020,79
975,kclawleyr2@alexa.com,Koralle,Clawley,F,06/30/2019,77
976,ecastletiner3@google.cn,Eustace,Castletine,M,03/27/2020,8
977,tgayner4@comsenz.com,Turner,Gayne,M,04/16/2020,24
978,mrichfieldr5@bloomberg.com,Merle,Richfield,M,07/07/2020,46
979,harnaor6@lulu.com,Hiram,Arnao,M,09/22/2019,72
980,ipunchardr7@economist.com,Isidro,Punchard,M,06/19/2019,12
981,easpinallr8@cargocollective.com,Emiline,Aspinall,F,12/20/2020,85
982,ksimonotr9@nationalgeographic.com,Katina,Simonot,F,04/10/2019,71
983,cbausorra@myspace.com,Charin,Bausor,F,08/02/2019,52
984,nrotherforthrb@godaddy.com,Nehemiah,Rotherforth,M,03/20/2020,49
985,talenichevrc@loc.gov,Tabbi,Alenichev,F,11/06/2020,57
986,mduftonrd@europa.eu,Madge,Dufton,F,11/20/2020,82
987,mbanischre@chicagotribune.com,Mar,Banisch,M,07/15/2019,69
988,wbarkerrf@technorati.com,Wenonah,Barker,F,05/05/2019,7
989,ggreestrg@amazon.de,Garald,Greest,M,07/20/2019,66
990,bhrynczykrh@deviantart.com,Bren,Hrynczyk,F,03/03/2020,7
991,nfiddymentri@myspace.com,Nickolai,Fiddyment,M,06/24/2020,56
992,cdedantesierj@samsung.com,Cheston,De Dantesie,M,05/17/2019,12
993,sbaalrk@discovery.com,Silvanus,Baal,M,05/03/2021,4
994,leilhermannrl@fastcompany.com,Lucio,Eilhermann,M,04/26/2019,22
995,nharrissrm@va.gov,Ned,Harriss,M,03/08/2020,72
996,bavrahamovrn@behance.net,Berna,Avrahamov,F,08/15/2020,9
997,jmullerro@w3.org,Joelynn,Muller,F,01/01/2020,52
998,emartonrp@surveymonkey.com,Ermentrude,Marton,F,08/12/2019,84
999,vremerrq@umich.edu,Verne,Remer,M,05/10/2019,25
1000,cmorecombrr@reuters.com,Charlton,Morecomb,M,01/17/2021,77
